"location_id","frn","provider_id","brand_name","technology","max_advertised_download_speed","max_advertised_upload_speed","low_latency","business_residential_code","state_usps","block_geoid","h3_res8_id","bg_id","address_primary","city","zip","zip_suffix","unit_count","bsl_flag","building_type_code","land_use_code","address_confidence_code","county_geoid","latitude","longitude","fcc_rel","avg_d_mbps_wt","median_d_mbps","percent_below_100","tests","bucket","prelim_availability","prelim_funding","pre_challenge_eligibility","pre_challenge_availability","pre_challenge_funding","modification_count","address_full","eligible_gf","has_account_gf","need_unit_gf","no_service_gf","unknown_gf","eligible_xf","has_account_xf","need_unit_xf","no_service_xf","unknown_xf","business_gf","checked_gf","unit"
"1308640064","0025646373",130235,"Charter Communications Inc",40,1000,35,True,"B","MO","290470221006110","8826560aa3fffff","290470221006","701 E 16TH AVE","KANSAS CITY","64116","3722",2,True,"B",3,1,29047,"39.1371516","-94.57238904","12312023","266.0038578199052","190.9265","25",211,"Over 200","Served","Not funded","Ineligible","Served","Not funded",2,"701 E 16TH AVE, KANSAS CITY 64116",NULL,NULL,NULL,NULL,NULL,NULL,NULL,NULL,NULL,NULL,NULL,NULL,NULL
"1308640064","0025646373",130235,"Charter Communications Inc",50,1000,35,True,"B","MO","290470221006110","8826560aa3fffff","290470221006","701 E 16TH AVE","KANSAS CITY","64116","3722",2,True,"B",3,1,29047,"39.1371516","-94.57238904","12312023","266.0038578199052","190.9265","25",211,"Over 200","Served","Not funded","Ineligible","Served","Not funded",2,"701 E 16TH AVE, KANSAS CITY 64116",NULL,NULL,NULL,NULL,NULL,NULL,NULL,NULL,NULL,NULL,NULL,NULL,NULL
"1308640064","0015540669",300002,"Bluebird Network LLC",50,10000,10000,True,"B","MO","290470221006110","8826560aa3fffff","290470221006","701 E 16TH AVE","KANSAS CITY","64116","3722",2,True,"B",3,1,29047,"39.1371516","-94.57238904","12312023","266.0038578199052","190.9265","25",211,"Over 200","Served","Not funded","Ineligible","Served","Not funded",2,"701 E 16TH AVE, KANSAS CITY 64116",NULL,NULL,NULL,NULL,NULL,NULL,NULL,NULL,NULL,NULL,NULL,NULL,NULL
"1308640064","0016051450",150237,"KC Fiber",50,10000,10000,True,"X","MO","290470221006110","8826560aa3fffff","290470221006","701 E 16TH AVE","KANSAS CITY","64116","3722",2,True,"B",3,1,29047,"39.1371516","-94.57238904","12312023","266.0038578199052","190.9265","25",211,"Over 200","Served","Not funded","Ineligible","Served","Not funded",2,"701 E 16TH AVE, KANSAS CITY 64116",NULL,NULL,NULL,NULL,NULL,NULL,NULL,NULL,NULL,NULL,NULL,NULL,NULL
"1333178203","0022069793",240041,"Google Fiber",50,5000,5000,True,"R","MO","290950099002001","88265672b7fffff","290950099002","508 W 89TH TER","KANSAS CITY","64114","3511",1,True,"R",1,1,29095,"38.96639752","-94.59802361","12312023","308.1470454545455","248.879","11.11111111111111",66,"Over 200","Served","Not funded","Ineligible","Served","Not funded",1,"508 W 89TH TER, KANSAS CITY 64114",NULL,NULL,NULL,NULL,NULL,NULL,NULL,NULL,NULL,NULL,NULL,NULL,NULL
"1333178443","0022069793",240041,"Google Fiber",50,5000,5000,True,"R","MO","290950098004008","88265670d9fffff","290950098004","9223 WYANDOTTE ST","KANSAS CITY","64114","3643",1,True,"R",1,1,29095,"38.96097698","-94.59260607","12312023","359.57511111111114","271.67","0",18,"Over 200","Served","Not funded","Ineligible","Served","Not funded",2,"9223 WYANDOTTE ST, KANSAS CITY 64114",NULL,NULL,NULL,NULL,NULL,NULL,NULL,NULL,NULL,NULL,NULL,NULL,NULL
"1333180499","0022069793",240041,"Google Fiber",50,5000,5000,True,"R","MO","290950087001027","88265672d1fffff","290950087001","2423 E 68TH ST","KANSAS CITY","64132","1351",1,True,"R",1,1,29095,"39.00334122","-94.55789059","12312023","257.8951578947369","179.879","14.285714285714285",57,"Over 200","Served","Not funded","Ineligible","Served","Not funded",1,"2423 E 68TH ST, KANSAS CITY 64132",NULL,NULL,NULL,NULL,NULL,NULL,NULL,NULL,NULL,NULL,NULL,NULL,NULL
"1333182848","0022069793",240041,"Google Fiber",50,2000,1000,True,"B","MO","290950178001007","8826560d6dfffff","290950178001","3231 GILLHAM RD","KANSAS CITY","64109","1747",1,True,"B",7,1,29095,"39.06765765","-94.57754556","12312023","319.7895327102804","340.663","0",107,"Over 200","Served","Not funded","Ineligible","Served","Not funded",2,"3231 GILLHAM RD, KANSAS CITY 64109",NULL,NULL,NULL,NULL,NULL,NULL,NULL,NULL,NULL,NULL,NULL,NULL,NULL
"1308643154","0025646373",130235,"Charter Communications Inc",40,1000,35,True,"R","MO","290470213092007","882656035dfffff","290470213092","9305 NE 93RD TER","KANSAS CITY","64157","7670",2,True,"R",1,1,29047,"39.26104209","-94.4639841","12312023","272.35423437500003","258.2815","22.22222222222222",192,"Over 200","Served","Not funded","Ineligible","Served","Not funded",0,"9305 NE 93RD TER, KANSAS CITY 64157",False,True,False,False,False,NULL,NULL,NULL,NULL,NULL,False,NULL,NULL
"1308673469","0022069793",240041,"Google Fiber",50,5000,5000,True,"R","MO","290470205007006","8826560acbfffff","290470205007","4015 N WALROND AVE","KANSAS CITY","64117","1646",1,True,"R",1,1,29047,"39.16705169","-94.54159096","12312023","319.0001616161617","306.27","9.090909090909092",198,"Over 200","Served","Not funded","Ineligible","Served","Not funded",2,"4015 N WALROND AVE, KANSAS CITY 64117",NULL,NULL,NULL,NULL,NULL,NULL,NULL,NULL,NULL,NULL,NULL,NULL,NULL
"1308640484","0025646373",130235,"Charter Communications Inc",40,1000,35,True,"R","MO","290470218071006","88265611adfffff","290470218071","11309 N DONNELLY AVE","KANSAS CITY","64157","1165",1,True,"R",1,1,29047,"39.29804179","-94.4799017","12312023","246.18867187500004","307.813","9.090909090909092",128,"Over 200","Served","Not funded","Ineligible","Served","Not funded",1,"11309 N DONNELLY AVE, KANSAS CITY 64157",False,True,False,False,False,NULL,NULL,NULL,NULL,NULL,False,NULL,NULL
"1332921968","0022069793",240041,"Google Fiber",50,5000,5000,True,"R","MO","290950007001001","8826560f45fffff","290950007001","435 N QUINCY AVE","KANSAS CITY","64123","1347",1,True,"R",1,1,29095,"39.11747263","-94.52164097","12312023","253.90392","212.3255","0",25,"Over 200","Served","Not funded","Ineligible","Served","Not funded",1,"435 N QUINCY AVE, KANSAS CITY 64123",NULL,NULL,NULL,NULL,NULL,NULL,NULL,NULL,NULL,NULL,NULL,NULL,NULL
"1308641114","0025646373",130235,"Charter Communications Inc",40,1000,35,True,"R","MO","290470209011005","8826560105fffff","290470209011","4326 NE 59TH TER","KANSAS CITY","64119","4656",2,True,"R",1,1,29047,"39.20159704","-94.52728953","12312023","138.57435714285717","202.456","28.57142857142857",126,"100 to 150 Mbps","Served","Not funded","Ineligible","Served","Not funded",0,"4326 NE 59TH TER, KANSAS CITY 64119",False,True,False,False,False,NULL,NULL,NULL,NULL,NULL,False,NULL,NULL
"1308643315","0029595170",430176,"Wisper ISP, LLC",72,200,25,True,"X","MO","290470213092007","882656035dfffff","290470213092","9009 N EVANSTON AVE","KANSAS CITY","64157","8249",2,True,"R",1,1,29047,"39.25883677","-94.45881769","12312023","272.35423437500003","258.2815","22.22222222222222",192,"Over 200","Served","Not funded","Ineligible","Served","Not funded",1,"9009 N EVANSTON AVE, KANSAS CITY 64157",True,False,False,False,False,NULL,NULL,NULL,NULL,NULL,NULL,NULL,NULL
"1308643315","0025646373",130235,"Charter Communications Inc",40,1000,35,True,"R","MO","290470213092007","882656035dfffff","290470213092","9009 N EVANSTON AVE","KANSAS CITY","64157","8249",2,True,"R",1,1,29047,"39.25883677","-94.45881769","12312023","272.35423437500003","258.2815","22.22222222222222",192,"Over 200","Served","Not funded","Ineligible","Served","Not funded",1,"9009 N EVANSTON AVE, KANSAS CITY 64157",True,False,False,False,False,NULL,NULL,NULL,NULL,NULL,NULL,NULL,NULL
"1308643020","0025646373",130235,"Charter Communications Inc",40,1000,35,True,"R","MO","290470213092007","8826560355fffff","290470213092","8847 N GLENWOOD AVE","KANSAS CITY","64157","7824",3,True,"R",1,1,29047,"39.25426731","-94.46159096","12312023","272.35423437500003","258.2815","22.22222222222222",192,"Over 200","Served","Not funded","Ineligible","Served","Not funded",2,"8847 N GLENWOOD AVE, KANSAS CITY 64157",True,False,False,False,False,NULL,NULL,NULL,NULL,NULL,NULL,NULL,NULL
"1308642280","0025646373",130235,"Charter Communications Inc",40,1000,35,True,"R","MO","290470212111010","88265618e3fffff","290470212111","8737 N OAK TRFY","KANSAS CITY","64155","2472",1,True,"R",1,1,29047,"39.25297718","-94.57551236","12312023","290.51331746031747","316.078","0",63,"Over 200","Served","Not funded","Ineligible","Served","Not funded",1,"8737 N OAK TRFY, KANSAS CITY 64155",True,False,False,False,False,NULL,NULL,NULL,NULL,NULL,False,NULL,NULL
"1308642597","0025646373",130235,"Charter Communications Inc",40,1000,35,True,"R","MO","290470212091009","88265618a3fffff","290470212091","7809 N CHERRY ST","KANSAS CITY","64118","1467",1,True,"R",1,1,29047,"39.23569645","-94.57413922","12312023","278.2138775510204","295.404","0",49,"Over 200","Served","Not funded","Ineligible","Served","Not funded",1,"7809 N CHERRY ST, KANSAS CITY 64118",True,False,False,False,False,NULL,NULL,NULL,NULL,NULL,False,NULL,NULL
"1332938790","0022069793",240041,"Google Fiber",50,5000,5000,True,"R","MO","290950166001002","882656089bfffff","290950166001","2323 PARK AVE","KANSAS CITY","64127","3846",1,True,"R",1,1,29095,"39.08362125","-94.55541235","12312023","352.212","342.18949999999995","12.5",29,"Over 200","Served","Not funded","Ineligible","Served","Not funded",2,"2323 PARK AVE, KANSAS CITY 64127",NULL,NULL,NULL,NULL,NULL,NULL,NULL,NULL,NULL,NULL,NULL,NULL,NULL
"1333091564","0022069793",240041,"Google Fiber",50,5000,5000,True,"R","MO","290950092001019","8826567285fffff","290950092001","7212 WASHINGTON ST","KANSAS CITY","64114","1323",1,True,"R",1,1,29095,"38.99727161","-94.59534534","12312023","303.91186574074067","339.1315","0",216,"Over 200","Served","Not funded","Ineligible","Served","Not funded",2,"7212 WASHINGTON ST, KANSAS CITY 64114",NULL,NULL,NULL,NULL,NULL,NULL,NULL,NULL,NULL,NULL,NULL,NULL,NULL
"1333180500","0022069793",240041,"Google Fiber",50,5000,5000,True,"R","MO","290950087001027","88265672d1fffff","290950087001","2532 E 68TH TER","KANSAS CITY","64132","2970",1,True,"R",1,1,29095,"39.00282117","-94.55762357","12312023","257.8951578947369","179.879","14.285714285714285",57,"Over 200","Served","Not funded","Ineligible","Served","Not funded",1,"2532 E 68TH TER, KANSAS CITY 64132",NULL,NULL,NULL,NULL,NULL,NULL,NULL,NULL,NULL,NULL,NULL,NULL,NULL
"1333182707","0022069793",240041,"Google Fiber",50,5000,5000,True,"R","MO","290950172001008","8826560d8bfffff","290950172001","7231 SYCAMORE AVE","KANSAS CITY","64133","6264",1,True,"R",1,1,29095,"38.99240713","-94.49409021","12312023","262.4665179487179","310.98","0",195,"Over 200","Served","Not funded","Ineligible","Served","Not funded",1,"7231 SYCAMORE AVE, KANSAS CITY 64133",NULL,NULL,NULL,NULL,NULL,NULL,NULL,NULL,NULL,NULL,NULL,NULL,NULL
"1333109757","0022069793",240041,"Google Fiber",50,5000,5000,True,"R","MO","290950006001006","8826560f41fffff","290950006001","344 N BELMONT BLVD","KANSAS CITY","64123","1513",1,True,"R",1,1,29095,"39.11557744","-94.50948975","12312023","261.6563125","188.847","16.666666666666664",32,"Over 200","Served","Not funded","Ineligible","Served","Not funded",2,"344 N BELMONT BLVD, KANSAS CITY 64123",NULL,NULL,NULL,NULL,NULL,NULL,NULL,NULL,NULL,NULL,NULL,NULL,NULL
"1333057951","0022069793",240041,"Google Fiber",50,5000,5000,True,"R","MO","290950132081006","8826567447fffff","290950132081","11720 SMALLEY AVE","KANSAS CITY","64134","3961",1,True,"R",1,1,29095,"38.90978186","-94.50203401","12312023","318.3300181818182","234.039","28.57142857142857",55,"Over 200","Served","Not funded","Ineligible","Served","Not funded",2,"11720 SMALLEY AVE, KANSAS CITY 64134",NULL,NULL,NULL,NULL,NULL,NULL,NULL,NULL,NULL,NULL,NULL,NULL,NULL
"1333060960","0022069793",240041,"Google Fiber",50,5000,5000,True,"R","MO","290950018002008","88265608dbfffff","290950018002","2624 E 8TH ST","KANSAS CITY","64124","2411",2,True,"R",1,1,29095,"39.10373126","-94.5499677","12312023","333.7521923076923","358.0955","0",26,"Over 200","Served","Not funded","Ineligible","Served","Not funded",1,"2624 E 8TH ST, KANSAS CITY 64124",NULL,NULL,NULL,NULL,NULL,NULL,NULL,NULL,NULL,NULL,NULL,NULL,NULL
"1308646342","0025646373",130235,"Charter Communications Inc",40,1000,35,True,"R","MO","290470221001011","8826560aa9fffff","290470221001","301 E 29TH AVE","KANSAS CITY","64116","2901",1,True,"R",1,1,29047,"39.14987887","-94.57686249","12312023","301.90752","305.36350000000004","0",50,"Over 200","Served","Not funded","Ineligible","Served","Not funded",2,"301 E 29TH AVE, KANSAS CITY 64116",NULL,NULL,NULL,NULL,NULL,NULL,NULL,NULL,NULL,NULL,NULL,NULL,NULL
"1308641760","0022069793",240041,"Google Fiber",50,5000,5000,True,"R","MO","290470203004019","8826560a03fffff","290470203004","301 NW 54TH TER","KANSAS CITY","64118","4405",1,True,"R",1,1,29047,"39.19232212","-94.58458426","12312023","284.028648","283.594","0",125,"Over 200","Served","Not funded","Ineligible","Served","Not funded",2,"301 NW 54TH TER, KANSAS CITY 64118",NULL,NULL,NULL,NULL,NULL,NULL,NULL,NULL,NULL,NULL,NULL,NULL,NULL
"1308646347","0025646373",130235,"Charter Communications Inc",40,1000,35,True,"R","MO","290470221001011","8826560aa9fffff","290470221001","405 E 29TH AVE","KANSAS CITY","64116","2903",1,True,"R",1,1,29047,"39.14985287","-94.57536234","12312023","301.90752","305.36350000000004","0",50,"Over 200","Served","Not funded","Ineligible","Served","Not funded",2,"405 E 29TH AVE, KANSAS CITY 64116",NULL,NULL,NULL,NULL,NULL,NULL,NULL,NULL,NULL,NULL,NULL,NULL,NULL
"1308646358","0025646373",130235,"Charter Communications Inc",40,1000,35,True,"R","MO","290470221001011","8826560aa9fffff","290470221001","511 E 29TH AVE","KANSAS CITY","64116","2906",1,True,"R",1,1,29047,"39.14984187","-94.57422323","12312023","301.90752","305.36350000000004","0",50,"Over 200","Served","Not funded","Ineligible","Served","Not funded",2,"511 E 29TH AVE, KANSAS CITY 64116",NULL,NULL,NULL,NULL,NULL,NULL,NULL,NULL,NULL,NULL,NULL,NULL,NULL
"1308644401","0029595170",430176,"Wisper ISP, LLC",72,100,20,True,"X","MO","290470213071004","882656033bfffff","290470213071","8904 NE 74TH ST","KANSAS CITY","64158","1029",1,True,"R",1,1,29047,"39.22799768","-94.47256706","12312023","346.65410126582276","445.39549999999997","0",79,"Over 200","Served","Not funded","Ineligible","Served","Not funded",1,"8904 NE 74TH ST, KANSAS CITY 64158",False,True,False,False,False,NULL,NULL,NULL,NULL,NULL,False,NULL,NULL
"1308644401","0025646373",130235,"Charter Communications Inc",40,1000,35,True,"R","MO","290470213071004","882656033bfffff","290470213071","8904 NE 74TH ST","KANSAS CITY","64158","1029",1,True,"R",1,1,29047,"39.22799768","-94.47256706","12312023","346.65410126582276","445.39549999999997","0",79,"Over 200","Served","Not funded","Ineligible","Served","Not funded",1,"8904 NE 74TH ST, KANSAS CITY 64158",False,True,False,False,False,NULL,NULL,NULL,NULL,NULL,False,NULL,NULL
"1308643821","0025646373",130235,"Charter Communications Inc",40,1000,35,True,"R","MO","290470211011011","8826560a49fffff","290470211011","201 NE 74TH ST","KANSAS CITY","64118","1625",1,True,"R",1,1,29047,"39.22758864","-94.57836264","12312023","294.49181818181813","288.5435","0",22,"Over 200","Served","Not funded","Ineligible","Served","Not funded",2,"201 NE 74TH ST, KANSAS CITY 64118",True,False,False,False,False,NULL,NULL,NULL,NULL,NULL,False,NULL,NULL
"1308647269","0025646373",130235,"Charter Communications Inc",40,1000,35,True,"B","MO","290470202014006","8826560ac5fffff","290470202014","1501 NE PARVIN RD","KANSAS CITY","64116","2304",83,True,"X",4,2,29047,"39.16702169","-94.56243405","12312023","267.30224074074073","261.9475","0",54,"Over 200","Served","Not funded","Ineligible","Served","Not funded",1,"1501 NE PARVIN RD, KANSAS CITY 64116",True,False,False,False,False,NULL,NULL,NULL,NULL,NULL,False,NULL,NULL
"1308643520","0025646373",130235,"Charter Communications Inc",40,1000,35,True,"R","MO","290470212111006","88265618e3fffff","290470212111","8821 N LOCUST ST","KANSAS CITY","64155","2524",1,True,"R",1,1,29047,"39.25443633","-94.5739061","12312023","290.51331746031747","316.078","0",63,"Over 200","Served","Not funded","Ineligible","Served","Not funded",1,"8821 N LOCUST ST, KANSAS CITY 64155",False,True,False,False,False,NULL,NULL,NULL,NULL,NULL,False,NULL,NULL
"1308645414","0029595170",430176,"Wisper ISP, LLC",72,100,20,True,"X","MO","290470202012006","8826560ae9fffff","290470202012","625 NE 42ND ST","KANSAS CITY","64116","2262",1,True,"R",1,1,29047,"39.1701319","-94.57317812","12312023","305.50009210526315","301.651","0",76,"Over 200","Served","Not funded","Ineligible","Served","Not funded",2,"625 NE 42ND ST, KANSAS CITY 64116",True,False,False,False,False,NULL,NULL,NULL,NULL,NULL,NULL,NULL,NULL
"1308645414","0025646373",130235,"Charter Communications Inc",40,1000,35,True,"R","MO","290470202012006","8826560ae9fffff","290470202012","625 NE 42ND ST","KANSAS CITY","64116","2262",1,True,"R",1,1,29047,"39.1701319","-94.57317812","12312023","305.50009210526315","301.651","0",76,"Over 200","Served","Not funded","Ineligible","Served","Not funded",2,"625 NE 42ND ST, KANSAS CITY 64116",True,False,False,False,False,NULL,NULL,NULL,NULL,NULL,NULL,NULL,NULL
"1333182723","0022069793",240041,"Google Fiber",50,5000,5000,True,"R","MO","290950172001008","8826560d8bfffff","290950172001","7215 SYCAMORE AVE","KANSAS CITY","64133","6264",1,True,"R",1,1,29095,"38.9931712","-94.49409021","12312023","262.4665179487179","310.98","0",195,"Over 200","Served","Not funded","Ineligible","Served","Not funded",1,"7215 SYCAMORE AVE, KANSAS CITY 64133",NULL,NULL,NULL,NULL,NULL,NULL,NULL,NULL,NULL,NULL,NULL,NULL,NULL
"1333183049","0022069793",240041,"Google Fiber",50,5000,5000,True,"R","MO","290950086001017","8826567289fffff","290950086001","427 E 69TH TER","KANSAS CITY","64131","1330",1,True,"R",1,1,29095,"39.00164805","-94.58308411","12312023","198.67416049382717","224.091","0",81,"150 to 200 Mbps","Served","Not funded","Ineligible","Served","Not funded",1,"427 E 69TH TER, KANSAS CITY 64131",NULL,NULL,NULL,NULL,NULL,NULL,NULL,NULL,NULL,NULL,NULL,NULL,NULL
"1308670664","0022069793",240041,"Google Fiber",50,5000,5000,True,"R","MO","290470213132011","88265618c5fffff","290470213132","9613 N CAMPBELL DR","KANSAS CITY","64155","2056",1,True,"R",1,1,29047,"39.26890778","-94.56819062","12312023","255.34959375000003","294.603","11.11111111111111",64,"Over 200","Served","Not funded","Ineligible","Served","Not funded",1,"9613 N CAMPBELL DR, KANSAS CITY 64155",NULL,NULL,NULL,NULL,NULL,NULL,NULL,NULL,NULL,NULL,NULL,NULL,NULL
"1333186896","0022069793",240041,"Google Fiber",50,5000,5000,True,"R","MO","290950072002018","882656721dfffff","290950072002","4915 WESTWOOD RD","KANSAS CITY","64112","1135",1,True,"R",1,1,29095,"39.03923781","-94.60339014","12312023","249.7332711864407","243.873","0",118,"Over 200","Served","Not funded","Ineligible","Served","Not funded",2,"4915 WESTWOOD RD, KANSAS CITY 64112",NULL,NULL,NULL,NULL,NULL,NULL,NULL,NULL,NULL,NULL,NULL,NULL,NULL
"1308697261","0022069793",240041,"Google Fiber",50,5000,5000,True,"R","MO","290470212081015","88265618a1fffff","290470212081","8124 N WASHINGTON CIR","KANSAS CITY","64118","1156",1,True,"R",1,1,29047,"39.2421081","-94.58705151","12312023","175.65609523809525","201.062","20",21,"150 to 200 Mbps","Served","Not funded","Ineligible","Served","Not funded",2,"8124 N WASHINGTON CIR, KANSAS CITY 64118",NULL,NULL,NULL,NULL,NULL,NULL,NULL,NULL,NULL,NULL,NULL,NULL,NULL
"1308704897","0022069793",240041,"Google Fiber",50,5000,5000,True,"R","MO","290470206044013","8826560131fffff","290470206044","4610 NE 46TH ST","KANSAS CITY","64117","1310",1,True,"R",1,1,29047,"39.17758164","-94.52554536","12312023","246.64374074074075","154.642","28.57142857142857",27,"Over 200","Served","Not funded","Ineligible","Served","Not funded",2,"4610 NE 46TH ST, KANSAS CITY 64117",NULL,NULL,NULL,NULL,NULL,NULL,NULL,NULL,NULL,NULL,NULL,NULL,NULL
"1308707299","0022069793",240041,"Google Fiber",50,5000,5000,True,"R","MO","290470222001000","8826560153fffff","290470222001","8004 NE 57TH ST","KANSAS CITY","64119","4121",1,True,"R",1,1,29047,"39.19823871","-94.48566237","12312023","367.3422272727273","379.285","0",22,"Over 200","Served","Not funded","Ineligible","Served","Not funded",0,"8004 NE 57TH ST, KANSAS CITY 64119",NULL,NULL,NULL,NULL,NULL,NULL,NULL,NULL,NULL,NULL,NULL,NULL,NULL
"1308647827","0025646373",130235,"Charter Communications Inc",40,1000,35,True,"R","MO","290470212131008","88265618e7fffff","290470212131","8905 N MAIN ST","KANSAS CITY","64155","2325",1,True,"R",1,1,29047,"39.25597148","-94.58019082","12312023","258.2937333333333","272.51","12.5",60,"Over 200","Served","Not funded","Ineligible","Served","Not funded",1,"8905 N MAIN ST, KANSAS CITY 64155",False,True,False,False,False,NULL,NULL,NULL,NULL,NULL,False,NULL,NULL
"1308648001","0025646373",130235,"Charter Communications Inc",40,1000,35,True,"R","MO","290470213111008","8826561ad3fffff","290470213111","7405 NE 112TH CT","KANSAS CITY","64157","8823",1,True,"R",1,1,29047,"39.29683757","-94.49153496","12312023","261.8727313432836","325.44849999999997","8.333333333333332",134,"Over 200","Served","Not funded","Ineligible","Served","Not funded",1,"7405 NE 112TH CT, KANSAS CITY 64157",False,True,False,False,False,NULL,NULL,NULL,NULL,NULL,False,NULL,NULL
"1308648197","0025646373",130235,"Charter Communications Inc",40,1000,35,True,"R","MO","290470211054005","88265618b7fffff","290470211054","1301 NE 70TH TER","KANSAS CITY","64118","2709",1,True,"R",1,1,29047,"39.22101709","-94.56442325","12312023","348.1578630136986","352.7495","25",73,"Over 200","Served","Not funded","Ineligible","Served","Not funded",2,"1301 NE 70TH TER, KANSAS CITY 64118",True,False,False,False,False,NULL,NULL,NULL,NULL,NULL,False,NULL,NULL
"1308647894","0029595170",430176,"Wisper ISP, LLC",72,100,20,True,"X","MO","290470213073000","8826560339fffff","290470213073","8634 NE 75TH TER","KANSAS CITY","64158","1270",1,True,"R",1,1,29047,"39.23035792","-94.47644545","12312023","315.59649375","336.0575","0",160,"Over 200","Served","Not funded","Ineligible","Served","Not funded",2,"8634 NE 75TH TER, KANSAS CITY 64158",False,True,False,False,False,NULL,NULL,NULL,NULL,NULL,NULL,NULL,NULL
"1308648595","0025646373",130235,"Charter Communications Inc",40,1000,35,True,"R","MO","290470211043001","8826560169fffff","290470211043","7124 N KINGSTON CT","KANSAS CITY","64119","1263",8,True,"X",2,1,29047,"39.22280717","-94.53577838","12312023","270.68494957983194","313.497","0",119,"Over 200","Served","Not funded","Ineligible","Served","Not funded",2,"7124 N KINGSTON CT, KANSAS CITY 64119",True,False,False,False,False,NULL,NULL,NULL,NULL,NULL,False,NULL,NULL
"1308647571","0029595170",430176,"Wisper ISP, LLC",72,200,25,True,"X","MO","290470212101006","882656189bfffff","290470212101","4904 NE 77TH TER","KANSAS CITY","64119","4549",1,True,"R",1,1,29047,"39.23438832","-94.52287309","12312023","273.91912359550565","296.019","11.76470588235294",267,"Over 200","Served","Not funded","Ineligible","Served","Not funded",2,"4904 NE 77TH TER, KANSAS CITY 64119",True,False,False,False,False,NULL,NULL,NULL,NULL,NULL,False,NULL,NULL
"1308647571","0025646373",130235,"Charter Communications Inc",40,1000,35,True,"R","MO","290470212101006","882656189bfffff","290470212101","4904 NE 77TH TER","KANSAS CITY","64119","4549",1,True,"R",1,1,29047,"39.23438832","-94.52287309","12312023","273.91912359550565","296.019","11.76470588235294",267,"Over 200","Served","Not funded","Ineligible","Served","Not funded",2,"4904 NE 77TH TER, KANSAS CITY 64119",True,False,False,False,False,NULL,NULL,NULL,NULL,NULL,False,NULL,NULL
"1308648122","0029595170",430176,"Wisper ISP, LLC",72,100,20,True,"X","MO","290470213134018","882656181bfffff","290470213134","10324 N VIRGINIA AVE","KANSAS CITY","64155","3036",1,True,"R",1,1,29047,"39.2821971","-94.562956","12312023","321.90180769230767","259.888","0",182,"Over 200","Served","Not funded","Ineligible","Served","Not funded",2,"10324 N VIRGINIA AVE, KANSAS CITY 64155",False,True,False,False,False,NULL,NULL,NULL,NULL,NULL,False,NULL,NULL
"1308648122","0025646373",130235,"Charter Communications Inc",40,1000,35,True,"R","MO","290470213134018","882656181bfffff","290470213134","10324 N VIRGINIA AVE","KANSAS CITY","64155","3036",1,True,"R",1,1,29047,"39.2821971","-94.562956","12312023","321.90180769230767","259.888","0",182,"Over 200","Served","Not funded","Ineligible","Served","Not funded",2,"10324 N VIRGINIA AVE, KANSAS CITY 64155",False,True,False,False,False,NULL,NULL,NULL,NULL,NULL,False,NULL,NULL
"1308647554","0029595170",430176,"Wisper ISP, LLC",72,200,25,True,"X","MO","290470218082027","88265611b7fffff","290470218082","10103 NE 99TH ST","KANSAS CITY","64157","9666",2,True,"R",1,1,29047,"39.27153204","-94.45345115","12312023","335.77842116182575","277.4395","14.285714285714285",482,"Over 200","Served","Not funded","Ineligible","Served","Not funded",1,"10103 NE 99TH ST, KANSAS CITY 64157",False,True,False,False,False,NULL,NULL,NULL,NULL,NULL,NULL,NULL,NULL
"1308647554","0025646373",130235,"Charter Communications Inc",40,1000,35,True,"R","MO","290470218082027","88265611b7fffff","290470218082","10103 NE 99TH ST","KANSAS CITY","64157","9666",2,True,"R",1,1,29047,"39.27153204","-94.45345115","12312023","335.77842116182575","277.4395","14.285714285714285",482,"Over 200","Served","Not funded","Ineligible","Served","Not funded",1,"10103 NE 99TH ST, KANSAS CITY 64157",False,True,False,False,False,NULL,NULL,NULL,NULL,NULL,NULL,NULL,NULL
"1308647894","0025646373",130235,"Charter Communications Inc",40,1000,35,True,"R","MO","290470213073000","8826560339fffff","290470213073","8634 NE 75TH TER","KANSAS CITY","64158","1270",1,True,"R",1,1,29047,"39.23035792","-94.47644545","12312023","315.59649375","336.0575","0",160,"Over 200","Served","Not funded","Ineligible","Served","Not funded",2,"8634 NE 75TH TER, KANSAS CITY 64158",False,True,False,False,False,NULL,NULL,NULL,NULL,NULL,NULL,NULL,NULL
"1333007464","0022069793",240041,"Google Fiber",50,5000,5000,True,"R","MO","290950091004005","8826567287fffff","290950091004","7647 WALNUT ST","KANSAS CITY","64114","1952",1,True,"R",1,1,29095,"38.98860175","-94.58827863","12312023","293.1444854368932","227.76600000000002","12.5",103,"Over 200","Served","Not funded","Ineligible","Served","Not funded",2,"7647 WALNUT ST, KANSAS CITY 64114",NULL,NULL,NULL,NULL,NULL,NULL,NULL,NULL,NULL,NULL,NULL,NULL,NULL
"1333008048","0022069793",240041,"Google Fiber",50,5000,5000,True,"R","MO","290950163003022","8826560c27fffff","290950163003","5019 LOWELL DR","KANSAS CITY","64129","1979",1,True,"R",1,1,29095,"39.03377826","-94.50887369","12312023","323.1338055555555","277.731","0",36,"Over 200","Served","Not funded","Ineligible","Served","Not funded",1,"5019 LOWELL DR, KANSAS CITY 64129",NULL,NULL,NULL,NULL,NULL,NULL,NULL,NULL,NULL,NULL,NULL,NULL,NULL
"1104668276","0022069793",240041,"Google Fiber",50,5000,5000,True,"R","MO","291650300041016","8826560a65fffff","291650300041","6418 N AMORET AVE","KANSAS CITY","64151","4036",1,True,"R",1,1,29165,"39.21188107","-94.62885669","12312023","280.90950273224047","268.426","12.5",183,"Over 200","Served","Not funded","Ineligible","Served","Not funded",1,"6418 N AMORET AVE, KANSAS CITY 64151",NULL,NULL,NULL,NULL,NULL,NULL,NULL,NULL,NULL,NULL,NULL,NULL,NULL
"1333186179","0022069793",240041,"Google Fiber",50,5000,5000,True,"R","MO","290950132101001","8826567623fffff","290950132101","10734 STARK AVE","KANSAS CITY","64134","3006",1,True,"R",1,1,29095,"38.9271406","-94.48763957","12312023","307.97369565217394","388.20950000000005","0",23,"Over 200","Served","Not funded","Ineligible","Served","Not funded",1,"10734 STARK AVE, KANSAS CITY 64134",NULL,NULL,NULL,NULL,NULL,NULL,NULL,NULL,NULL,NULL,NULL,NULL,NULL
"1333186821","0022069793",240041,"Google Fiber",50,5000,5000,True,"R","MO","290950019001012","8826560f0dfffff","290950019001","5040 E 7TH ST","KANSAS CITY","64124","3013",1,True,"R",1,1,29095,"39.10364625","-94.52150696","12312023","281.4740526315789","320.3785","16.666666666666664",19,"Over 200","Served","Not funded","Ineligible","Served","Not funded",2,"5040 E 7TH ST, KANSAS CITY 64124",NULL,NULL,NULL,NULL,NULL,NULL,NULL,NULL,NULL,NULL,NULL,NULL,NULL
"1308708032","0022069793",240041,"Google Fiber",50,5000,5000,True,"R","MO","290470212093005","8826561887fffff","290470212093","8238 N FLORA AVE","KANSAS CITY","64118","8201",1,True,"R",1,1,29047,"39.24425231","-94.56177398","12312023","244.4584","270.92499999999995","0",115,"Over 200","Served","Not funded","Ineligible","Served","Not funded",2,"8238 N FLORA AVE, KANSAS CITY 64118",NULL,NULL,NULL,NULL,NULL,NULL,NULL,NULL,NULL,NULL,NULL,NULL,NULL
"1332957035","0022069793",240041,"Google Fiber",50,5000,5000,True,"R","MO","290950022002002","8826560f3dfffff","290950022002","5520 E 23RD ST","KANSAS CITY","64127","2935",1,True,"R",1,1,29095,"39.08344223","-94.51776258","12312023","359.12607317073173","142.174","16.666666666666664",41,"Over 200","Served","Not funded","Ineligible","Served","Not funded",2,"5520 E 23RD ST, KANSAS CITY 64127",NULL,NULL,NULL,NULL,NULL,NULL,NULL,NULL,NULL,NULL,NULL,NULL,NULL
"1308649506","0029595170",430176,"Wisper ISP, LLC",72,200,25,True,"X","MO","290470213121011","8826560341fffff","290470213121","9817 N STARK AVE","KANSAS CITY","64157","8142",1,True,"R",1,1,29047,"39.27153104","-94.47200101","12312023","256.40429694323143","290.449","0",229,"Over 200","Served","Not funded","Ineligible","Served","Not funded",0,"9817 N STARK AVE, KANSAS CITY 64157",False,True,False,False,False,NULL,NULL,NULL,NULL,NULL,False,NULL,NULL
"1308650881","0025646373",130235,"Charter Communications Inc",40,1000,35,True,"R","MO","290470210031012","882656012dfffff","290470210031","2701 NE KENDALLWOOD PKWY BLDG 2","KANSAS CITY","64119","2024",6,True,"X",2,2,29047,"39.1991678","-94.54650146","12312023","301.6234786324786","309.6","0",117,"Over 200","Served","Not funded","Ineligible","Served","Not funded",2,"2701 NE KENDALLWOOD PKWY BLDG 2, KANSAS CITY 64119",False,False,True,False,False,NULL,NULL,NULL,NULL,NULL,False,NULL,NULL
"1308648639","0025646373",130235,"Charter Communications Inc",40,1000,35,True,"R","MO","290470206033030","8826560139fffff","290470206033","5113 NE 49TH ST","KANSAS CITY","64119","3710",1,True,"R",1,1,29047,"39.18236112","-94.51945675","12312023","219.10762686567165","231.28","0",67,"Over 200","Served","Not funded","Ineligible","Served","Not funded",2,"5113 NE 49TH ST, KANSAS CITY 64119",True,False,False,False,False,NULL,NULL,NULL,NULL,NULL,False,NULL,NULL
"1308648781","0025646373",130235,"Charter Communications Inc",40,1000,35,True,"R","MO","290470209021009","8826560147fffff","290470209021","5118 NE 63RD TER","KANSAS CITY","64119","1676",1,True,"R",1,1,29047,"39.20926681","-94.51883969","12312023","206.77261979166667","256.927","16.666666666666664",192,"Over 200","Served","Not funded","Ineligible","Served","Not funded",2,"5118 NE 63RD TER, KANSAS CITY 64119",True,False,False,False,False,NULL,NULL,NULL,NULL,NULL,False,NULL,NULL
"1308649156","0025646373",130235,"Charter Communications Inc",40,1000,35,True,"R","MO","290470202023014","8826560a3bfffff","290470202023","424 NW 43RD TER","KANSAS CITY","64116","1602",1,True,"R",1,1,29047,"39.17386027","-94.58821763","12312023","252.62476551724137","241.827","0",145,"Over 200","Served","Not funded","Ineligible","Served","Not funded",2,"424 NW 43RD TER, KANSAS CITY 64116",False,True,False,False,False,NULL,NULL,NULL,NULL,NULL,False,NULL,NULL
"1308650180","0029595170",430176,"Wisper ISP, LLC",72,400,30,True,"X","MO","290470213143008","8826561851fffff","290470213143","900 NE 116TH TER","KANSAS CITY","64155","1592",1,True,"R",1,1,29047,"39.30458034","-94.5679175","12312023","275.8437702702702","294.18550000000005","8.333333333333332",148,"Over 200","Served","Not funded","Ineligible","Served","Not funded",1,"900 NE 116TH TER, KANSAS CITY 64155",False,True,False,False,False,NULL,NULL,NULL,NULL,NULL,NULL,NULL,NULL
"1308650180","0025646373",130235,"Charter Communications Inc",40,1000,35,True,"R","MO","290470213143008","8826561851fffff","290470213143","900 NE 116TH TER","KANSAS CITY","64155","1592",1,True,"R",1,1,29047,"39.30458034","-94.5679175","12312023","275.8437702702702","294.18550000000005","8.333333333333332",148,"Over 200","Served","Not funded","Ineligible","Served","Not funded",1,"900 NE 116TH TER, KANSAS CITY 64155",False,True,False,False,False,NULL,NULL,NULL,NULL,NULL,NULL,NULL,NULL
"1308649792","0025646373",130235,"Charter Communications Inc",40,1000,35,True,"R","MO","290470213132016","88265618e9fffff","290470213132","531 NE 98TH PL","KANSAS CITY","64155","2045",1,True,"R",1,1,29047,"39.27153604","-94.57200601","12312023","255.34959375000003","294.603","11.11111111111111",64,"Over 200","Served","Not funded","Ineligible","Served","Not funded",1,"531 NE 98TH PL, KANSAS CITY 64155",True,False,False,False,False,NULL,NULL,NULL,NULL,NULL,False,NULL,NULL
"1308649506","0025646373",130235,"Charter Communications Inc",40,1000,35,True,"R","MO","290470213121011","8826560341fffff","290470213121","9817 N STARK AVE","KANSAS CITY","64157","8142",1,True,"R",1,1,29047,"39.27153104","-94.47200101","12312023","256.40429694323143","290.449","0",229,"Over 200","Served","Not funded","Ineligible","Served","Not funded",0,"9817 N STARK AVE, KANSAS CITY 64157",False,True,False,False,False,NULL,NULL,NULL,NULL,NULL,False,NULL,NULL
"1308651201","0025646373",130235,"Charter Communications Inc",40,1000,35,True,"R","MO","290470209013004","882656013dfffff","290470209013","5102 N ELMWOOD AVE","KANSAS CITY","64119","2805",1,True,"R",1,1,29047,"39.18662255","-94.52608441","12312023","261.7950697674419","295.5825","25",43,"Over 200","Served","Not funded","Ineligible","Served","Not funded",1,"5102 N ELMWOOD AVE, KANSAS CITY 64119",True,False,False,False,False,NULL,NULL,NULL,NULL,NULL,False,NULL,NULL
"1333186832","0022069793",240041,"Google Fiber",50,5000,5000,True,"R","MO","290950168022000","8826567251fffff","290950168022","4151 MERCIER ST","KANSAS CITY","64111","4152",1,True,"R",1,1,29095,"39.05233712","-94.60173498","12312023","299.3014825174825","292.6205","0",143,"Over 200","Served","Not funded","Ineligible","Served","Not funded",1,"4151 MERCIER ST, KANSAS CITY 64111",NULL,NULL,NULL,NULL,NULL,NULL,NULL,NULL,NULL,NULL,NULL,NULL,NULL
"1308673921","0022069793",240041,"Google Fiber",50,5000,5000,True,"R","MO","290470218071008","88265611adfffff","290470218071","11319 N WALLACE AVE","KANSAS CITY","64157","9778",1,True,"R",1,1,29047,"39.29859274","-94.47846265","12312023","246.18867187500004","307.813","9.090909090909092",128,"Over 200","Served","Not funded","Ineligible","Served","Not funded",1,"11319 N WALLACE AVE, KANSAS CITY 64157",NULL,NULL,NULL,NULL,NULL,NULL,NULL,NULL,NULL,NULL,NULL,NULL,NULL
"1308689720","0022069793",240041,"Google Fiber",50,5000,5000,True,"R","MO","290470213142011","882656180bfffff","290470213142","11311 N WYANDOTTE ST","KANSAS CITY","64155","3621",1,True,"R",1,1,29047,"39.29870076","-94.5819179","12312023","268.4788970588235","240.963","0",68,"Over 200","Served","Not funded","Ineligible","Served","Not funded",1,"11311 N WYANDOTTE ST, KANSAS CITY 64155",NULL,NULL,NULL,NULL,NULL,NULL,NULL,NULL,NULL,NULL,NULL,NULL,NULL
"1308709623","0022069793",240041,"Google Fiber",50,5000,5000,True,"R","MO","290470212121019","88265618d9fffff","290470212121","4524 NE 91ST TER","KANSAS CITY","64156","6316",1,True,"R",1,1,29047,"39.25967785","-94.52506731","12312023","271.2961232227488","272.937","5.263157894736842",211,"Over 200","Served","Not funded","Ineligible","Served","Not funded",0,"4524 NE 91ST TER, KANSAS CITY 64156",NULL,NULL,NULL,NULL,NULL,NULL,NULL,NULL,NULL,NULL,NULL,NULL,NULL
"1333005209","0022069793",240041,"Google Fiber",50,5000,5000,True,"R","MO","290950175002043","8826560d89fffff","290950175002","7118 E 70TH ST","KANSAS CITY","64133","5520",1,True,"R",1,1,29095,"38.99789167","-94.50337814","12312023","317.4643809523809","330.469","9.090909090909092",21,"Over 200","Served","Not funded","Ineligible","Served","Not funded",0,"7118 E 70TH ST, KANSAS CITY 64133",NULL,NULL,NULL,NULL,NULL,NULL,NULL,NULL,NULL,NULL,NULL,NULL,NULL
"1333026777","0022069793",240041,"Google Fiber",50,5000,5000,True,"R","MO","290950087002013","88265672ddfffff","290950087002","1804 E 67TH ST","KANSAS CITY","64132","2966",1,True,"R",1,1,29095,"39.00585847","-94.56545135","12312023","270.27869767441865","201.985","16.666666666666664",43,"Over 200","Served","Not funded","Ineligible","Served","Not funded",2,"1804 E 67TH ST, KANSAS CITY 64132",NULL,NULL,NULL,NULL,NULL,NULL,NULL,NULL,NULL,NULL,NULL,NULL,NULL
"1333052925","0022069793",240041,"Google Fiber",50,5000,5000,True,"R","MO","290950167003011","88265608b3fffff","290950167003","205 W 34TH ST","KANSAS CITY","64111","1317",2,True,"R",1,1,29095,"39.06546143","-94.58827863","12312023","286.76671126760556","298.882","11.11111111111111",142,"Over 200","Served","Not funded","Ineligible","Served","Not funded",2,"205 W 34TH ST, KANSAS CITY 64111",NULL,NULL,NULL,NULL,NULL,NULL,NULL,NULL,NULL,NULL,NULL,NULL,NULL
"1332986133","0022069793",240041,"Google Fiber",50,5000,5000,True,"R","MO","290950132032008","882656744dfffff","290950132032","7603 E 112TH ST","KANSAS CITY","64134","2941",1,True,"R",1,1,29095,"38.92341223","-94.50154096","12312023","278.31404285714285","280.471","0",70,"Over 200","Served","Not funded","Ineligible","Served","Not funded",0,"7603 E 112TH ST, KANSAS CITY 64134",NULL,NULL,NULL,NULL,NULL,NULL,NULL,NULL,NULL,NULL,NULL,NULL,NULL
"1308644544","0022069793",240041,"Google Fiber",50,5000,5000,True,"R","MO","290470213123025","882656034dfffff","290470213123","10015 N WALLACE AVE","KANSAS CITY","64157","7950",1,True,"R",1,1,29047,"39.27505849","-94.47857366","12312023","294.9603506849314","312.2735","5",365,"Over 200","Served","Not funded","Ineligible","Served","Not funded",1,"10015 N WALLACE AVE, KANSAS CITY 64157",NULL,NULL,NULL,NULL,NULL,NULL,NULL,NULL,NULL,NULL,NULL,NULL,NULL
"1413941419","0022069793",240041,"Google Fiber",50,2000,1000,True,"B","MO","290950046002000","882656724bfffff","290950046002","1310 W 33RD ST","KANSAS CITY","64111","",1,True,"B",3,3,29095,"39.06745163","-94.60461227","12312023","233.36027358490566","231.762","0",106,"Over 200","Served","Not funded","Ineligible","Served","Not funded",0,"1310 W 33RD ST, KANSAS CITY 64111",NULL,NULL,NULL,NULL,NULL,NULL,NULL,NULL,NULL,NULL,NULL,NULL,NULL
"1308655065","0029595170",430176,"Wisper ISP, LLC",72,100,20,True,"X","MO","290470212101002","882656189bfffff","290470212101","4809 NE 79TH ST","KANSAS CITY","64119","8615",1,True,"R",1,1,29047,"39.23729261","-94.52338414","12312023","273.91912359550565","296.019","11.76470588235294",267,"Over 200","Served","Not funded","Ineligible","Served","Not funded",2,"4809 NE 79TH ST, KANSAS CITY 64119",False,True,False,False,False,NULL,NULL,NULL,NULL,NULL,False,NULL,NULL
"1308653659","0025646373",130235,"Charter Communications Inc",40,1000,35,True,"R","MO","290470209021021","8826560155fffff","290470209021","235 E LONGFELLOW ST","KANSAS CITY","64119","1726",1,True,"R",1,1,29047,"39.20368025","-94.50230604","12312023","206.77261979166667","256.927","16.666666666666664",192,"Over 200","Served","Not funded","Ineligible","Served","Not funded",2,"235 E LONGFELLOW ST, KANSAS CITY 64119",True,False,False,False,False,NULL,NULL,NULL,NULL,NULL,False,NULL,NULL
"1308654122","0025646373",130235,"Charter Communications Inc",40,1000,35,True,"R","MO","290470213093007","8826560341fffff","290470213093","9530 N HUNTER AVE","KANSAS CITY","64157","7958",2,True,"R",1,1,29047,"39.2661915","-94.47175698","12312023","245.68545934959346","264.96299999999997","0",492,"Over 200","Served","Not funded","Ineligible","Served","Not funded",1,"9530 N HUNTER AVE, KANSAS CITY 64157",False,True,False,False,False,NULL,NULL,NULL,NULL,NULL,False,NULL,NULL
"1308654498","0025646373",130235,"Charter Communications Inc",40,1000,35,True,"R","MO","290470212092003","8826561883fffff","290470212092","8016 N EUCLID CT","KANSAS CITY","64118","1551",1,True,"R",1,1,29047,"39.24024891","-94.55608441","12312023","252.57271518987338","307.7815","0",158,"Over 200","Served","Not funded","Ineligible","Served","Not funded",2,"8016 N EUCLID CT, KANSAS CITY 64118",False,True,False,False,False,NULL,NULL,NULL,NULL,NULL,False,NULL,NULL
"1308654594","0025646373",130235,"Charter Communications Inc",40,1000,35,True,"R","MO","290470212092003","8826561883fffff","290470212092","7919 N PARK AVE","KANSAS CITY","64118","7700",2,True,"R",1,1,29047,"39.23776266","-94.55086289","12312023","252.57271518987338","307.7815","0",158,"Over 200","Served","Not funded","Ineligible","Served","Not funded",0,"7919 N PARK AVE, KANSAS CITY 64118",False,True,False,False,False,NULL,NULL,NULL,NULL,NULL,False,NULL,NULL
"1308654738","0025646373",130235,"Charter Communications Inc",40,1000,35,True,"R","MO","290470202013004","8826560a17fffff","290470202013","4521 N OAK TRFY","KANSAS CITY","64116","4703",1,True,"R",1,1,29047,"39.17708869","-94.57635144","12312023","230.41414864864865","208.856","0",74,"Over 200","Served","Not funded","Ineligible","Served","Not funded",2,"4521 N OAK TRFY, KANSAS CITY 64116",False,True,False,False,False,NULL,NULL,NULL,NULL,NULL,False,NULL,NULL
"1308652682","0025646373",130235,"Charter Communications Inc",40,1000,35,True,"R","MO","290470213112009","88265611a1fffff","290470213112","8530 NE 109TH TER","KANSAS CITY","64157","1037",1,True,"R",1,1,29047,"39.291166","-94.4769174","12312023","232.20738333333333","244.974","12.5",120,"Over 200","Served","Not funded","Ineligible","Served","Not funded",2,"8530 NE 109TH TER, KANSAS CITY 64157",False,True,False,False,False,NULL,NULL,NULL,NULL,NULL,False,NULL,NULL
"1308655067","0029595170",430176,"Wisper ISP, LLC",72,100,20,True,"X","MO","290470212101002","882656189bfffff","290470212101","7808 N CHELSEA AVE","KANSAS CITY","64119","8610",1,True,"R",1,1,29047,"39.23552144","-94.52268907","12312023","273.91912359550565","296.019","11.76470588235294",267,"Over 200","Served","Not funded","Ineligible","Served","Not funded",2,"7808 N CHELSEA AVE, KANSAS CITY 64119",False,True,False,False,False,NULL,NULL,NULL,NULL,NULL,False,NULL,NULL
"1308653109","0025646373",130235,"Charter Communications Inc",40,1000,35,True,"R","MO","290470203002022","8826560a11fffff","290470203002","5008 NE DAVIDSON RD","KANSAS CITY","64118","5305",1,True,"R",1,1,29047,"39.18457734","-94.5669344","12312023","421.28339130434784","314.847","0",92,"Over 200","Served","Not funded","Ineligible","Served","Not funded",2,"5008 NE DAVIDSON RD, KANSAS CITY 64118",False,True,False,False,False,NULL,NULL,NULL,NULL,NULL,False,NULL,NULL
"1308655065","0025646373",130235,"Charter Communications Inc",40,1000,35,True,"R","MO","290470212101002","882656189bfffff","290470212101","4809 NE 79TH ST","KANSAS CITY","64119","8615",1,True,"R",1,1,29047,"39.23729261","-94.52338414","12312023","273.91912359550565","296.019","11.76470588235294",267,"Over 200","Served","Not funded","Ineligible","Served","Not funded",2,"4809 NE 79TH ST, KANSAS CITY 64119",False,True,False,False,False,NULL,NULL,NULL,NULL,NULL,False,NULL,NULL
"1333156551","0022069793",240041,"Google Fiber",50,5000,5000,True,"R","MO","290950132034001","882656744dfffff","290950132034","11105 WINCHESTER AVE","KANSAS CITY","64134","3309",1,True,"R",1,1,29095,"38.92174106","-94.50807861","12312023","220.25941379310345","227.76850000000002","16.666666666666664",87,"Over 200","Served","Not funded","Ineligible","Served","Not funded",2,"11105 WINCHESTER AVE, KANSAS CITY 64134",NULL,NULL,NULL,NULL,NULL,NULL,NULL,NULL,NULL,NULL,NULL,NULL,NULL
"1333162957","0022069793",240041,"Google Fiber",50,5000,5000,True,"R","MO","290950072001026","8826567211fffff","290950072001","5321 BELLEVIEW AVE","KANSAS CITY","64112","2393",1,True,"R",1,1,29095,"39.0301569","-94.59903971","12312023","271.19556451612897","251.70549999999997","10",310,"Over 200","Served","Not funded","Ineligible","Served","Not funded",1,"5321 BELLEVIEW AVE, KANSAS CITY 64112",NULL,NULL,NULL,NULL,NULL,NULL,NULL,NULL,NULL,NULL,NULL,NULL,NULL
"1332937567","0022069793",240041,"Google Fiber",50,5000,5000,True,"R","MO","290950085003016","88265672e3fffff","290950085003","441 W 70TH TER","KANSAS CITY","64113","2052",1,True,"R",1,1,29095,"39.00039092","-94.59583939","12312023","271.6778245614035","260.0505","0",57,"Over 200","Served","Not funded","Ineligible","Served","Not funded",2,"441 W 70TH TER, KANSAS CITY 64113",NULL,NULL,NULL,NULL,NULL,NULL,NULL,NULL,NULL,NULL,NULL,NULL,NULL
"1308655418","0025646373",130235,"Charter Communications Inc",40,1000,35,True,"R","MO","290470212041012","8826560a01fffff","290470212041","5678 NW PLAZA DR","KANSAS CITY","64118","",1,True,"R",1,3,29047,"39.19905289","-94.59417322","12312023","307.5626440677966","278.2975","12.5",59,"Over 200","Served","Not funded","Ineligible","Served","Not funded",0,"5678 NW PLAZA DR, KANSAS CITY 64118",NULL,NULL,NULL,NULL,NULL,NULL,NULL,NULL,NULL,NULL,NULL,NULL,NULL
"1332980840","0022069793",240041,"Google Fiber",50,5000,5000,True,"R","MO","290950134182006","882656750dfffff","290950134182","524 E 123RD TER","KANSAS CITY","64145","1752",1,True,"R",1,1,29095,"38.90388727","-94.58682349","12312023","265.47942647058824","244.536","18.181818181818183",136,"Over 200","Served","Not funded","Ineligible","Served","Not funded",2,"524 E 123RD TER, KANSAS CITY 64145",NULL,NULL,NULL,NULL,NULL,NULL,NULL,NULL,NULL,NULL,NULL,NULL,NULL
"1308651618","0022069793",240041,"Google Fiber",50,5000,5000,True,"R","MO","290470218082010","88265611b1fffff","290470218082","10022 N MAYWOOD AVE","KANSAS CITY","64157","9669",2,True,"R",1,1,29047,"39.2751114","-94.4519239","12312023","335.77842116182575","277.4395","14.285714285714285",482,"Over 200","Served","Not funded","Ineligible","Served","Not funded",2,"10022 N MAYWOOD AVE, KANSAS CITY 64157",NULL,NULL,NULL,NULL,NULL,NULL,NULL,NULL,NULL,NULL,NULL,NULL,NULL
"1333080912","0022069793",240041,"Google Fiber",50,5000,5000,True,"R","MO","290950173004003","8826567099fffff","290950173004","10437 WALNUT DR","KANSAS CITY","64114","4730",1,True,"R",1,1,29095,"38.93838672","-94.59129593","12312023","297.4987241379311","260.773","0",58,"Over 200","Served","Not funded","Ineligible","Served","Not funded",1,"10437 WALNUT DR, KANSAS CITY 64114",NULL,NULL,NULL,NULL,NULL,NULL,NULL,NULL,NULL,NULL,NULL,NULL,NULL
"1308657098","0025646373",130235,"Charter Communications Inc",40,1000,35,True,"R","MO","290470210014011","8826560a55fffff","290470210014","403 NE 61ST TER","KANSAS CITY","64118","5102",1,True,"R",1,1,29047,"39.20448733","-94.57553436","12312023","303.5392307692308","354.854","9.090909090909092",78,"Over 200","Served","Not funded","Ineligible","Served","Not funded",1,"403 NE 61ST TER, KANSAS CITY 64118",NULL,NULL,NULL,NULL,NULL,NULL,NULL,NULL,NULL,NULL,NULL,NULL,NULL
